"title","description","status","priority","due_date"
"Probar pipeline de CI/CD","Estandarización de contratos de respuesta y códigos HTTP","REVIEW","CRITICAL","2026-11-21"
"Documentar accesibilidad","Cobertura mínima del 80% en lógica de negocio","IN_PROGRESS","CRITICAL","2026-10-04"
"Documentar API de autenticación","Invalidación de claves en Redis y reducción de latencia","BLOCKED","LOW","2026-10-28"
"Configurar API de autenticación","Ajustes de modelos para soportar nuevas entidades","REVIEW","HIGH","2026-10-14"
"Probar migración de esquemas","Bocetos de interfaz y flujos principales","DONE","CRITICAL","2026-11-08"
"Revisar servicio de caché","Manejo de tokens JWT y renovación de sesiones","IN_PROGRESS","MEDIUM","2026-10-17"
"Documentar endpoints REST","Automatización de pruebas y despliegue a entorno de staging","TODO","CRITICAL","2026-11-11"
"Refactorizar base de datos","Validación de contraste, semántica y navegación por teclado","BLOCKED","HIGH","2026-10-09"
"Implementar Wireframes","Automatización de pruebas y despliegue a entorno de staging","REVIEW","HIGH","2026-10-20"
"Probar Wireframes","Estandarización de contratos de respuesta y códigos HTTP","REVIEW","MEDIUM","2026-11-04"
"Desplegar pruebas unitarias","Cobertura mínima del 80% en lógica de negocio","IN_PROGRESS","LOW","2026-10-25"
"Optimizar accesibilidad","Invalidación de claves en Redis y reducción de latencia","IN_PROGRESS","HIGH","2026-11-15"
"Auditar pruebas unitarias","Bocetos de interfaz y flujos principales","DONE","CRITICAL","2026-10-08"
"Probar endpoints REST","Ajustes de modelos para soportar nuevas entidades","TODO","MEDIUM","2026-11-25"
"Implementar endpoints REST","Validación de contraste, semántica y navegación por teclado","TODO","CRITICAL","2026-10-25"
"Revisar interfaz de usuario","Ajustes de modelos para soportar nuevas entidades","BLOCKED","LOW","2026-10-03"
"Auditar migración de esquemas","Ajustes de modelos para soportar nuevas entidades","BLOCKED","HIGH","2026-11-13"
"Desplegar servicio de caché","Cobertura mínima del 80% en lógica de negocio","TODO","LOW","2026-11-02"
"Diseñar servicio de caché","Manejo de tokens JWT y renovación de sesiones","DONE","HIGH","2026-11-06"
"Configurar migración de esquemas","Estandarización de contratos de respuesta y códigos HTTP","DONE","LOW","2026-10-24"
"Auditar pruebas unitarias","Invalidación de claves en Redis y reducción de latencia","DONE","MEDIUM","2026-10-01"
"Diseñar API de autenticación","Alineación con el sistema de diseño y componentes reusables","BLOCKED","LOW","2026-10-20"
"Configurar accesibilidad","Automatización de pruebas y despliegue a entorno de staging","REVIEW","LOW","2026-11-27"
"Probar migración de esquemas","Automatización de pruebas y despliegue a entorno de staging","TODO","HIGH","2026-10-09"
"Optimizar base de datos","Validación de contraste, semántica y navegación por teclado","DONE","MEDIUM","2026-10-02"
